title,price,endDate,discount,count
"Bathroom Cart Organizer Mobile Shelving","187","09.08.2025","100","408"
"Microfiber Bed Sheet Set with 14” Deep Pockets","288","03.12.2024","57","227"
"MPR 1500","230","27.10.2025","51","34"
"Iron Flask Sports Water Bottle","298","02.10.2024","91","330"
"Veken Non-Slip Rug Pad Gripper","224","06.07.2024","36","965"
"a Hands-free streaming device with Alexa","445","27.11.2025","93","535"
"Non-Slip Suit Clothes Hangers","303","07.10.2025","41","90"
"Bed and Couch Pillows","404","20.10.2024","25","706"
"Veken Non-Slip Rug Pad Gripper","423","28.03.2024","11","350"
"Microfiber Cleaning Cloths","81","23.07.2024","1","14"
"Command Large Picture Hanging Strips","265","02.09.2025","85","978"
"Reusable and Washable","214","23.12.2025","22","471"
"Wagner's 13008 Deluxe Wild Bird Food","57","07.11.2025","26","9"
"TP-Link Deco AX3000 WiFi 6 Mesh System","15","17.12.2024","78","110"
"Silonn Ice Makers Countertop","324","25.07.2024","90","101"
"Digital Chromatic Tuner for Guitar","207","27.12.2024","41","84"
"Portable","258","19.12.2024","94","821"
"Echo Dot (4th Gen) | Smart speaker","181","10.01.2024","87","184"
"TP-Link Deco AX3000 WiFi 6 Mesh System","250","21.12.2024","56","202"
"Reusable and Washable","31","12.08.2025","40","462"
"Insulated Grocery shopping bag","143","07.12.2024","82","530"
"Microfiber Cleaning Cloths","376","04.04.2024","17","955"
"Water Repellency Wiper Blade","478","28.10.2025","9","459"
"Ice Machine Cleaner and Descaler","361","17.09.2025","88","47"
"Traeger Grills Apple","420","01.01.2024","19","923"
"Fire TV Cube","140","24.12.2024","22","410"
"Fire TV Cube","198","23.05.2025","70","337"
"Cosmo 668ICS750 30 in","355","23.11.2025","7","524"
"AC Furnace Air Filter","454","18.12.2025","98","507"
"Callaway 2021 Supersoft Golf Balls 12B PK","117","23.10.2024","28","61"
"Microfiber Bed Sheet Set with 14” Deep Pockets","417","04.02.2025","23","590"
"Mac Book Pro Charger","458","09.01.2025","56","671"
"Electric Instrument Cable","125","23.08.2024","16","232"
"T-Sound USB Splitter for Laptop","424","15.05.2024","8","303"
"Apple AirTag","28","03.01.2025","33","596"
"Traeger Grills Apple","491","15.03.2024","72","607"
"Mac Book Pro Charger","389","05.09.2024","36","767"
"Mini Fridge with Freeze","264","19.05.2024","94","38"
"Bathroom Cart Organizer Mobile Shelving","213","05.05.2024","85","895"
"CHAPIN 20000 Garden Sprayer 1 Gallon Lawn","370","08.08.2024","35","106"
"Echo Dot | Smart speaker","378","15.05.2024","73","523"
"Ice Machine Cleaner and Descaler","172","09.07.2025","54","951"
"SONORO KATE Bathroom Rug","64","15.03.2025","23","544"
"Mac Book Pro Charger","214","26.08.2025","23","431"
"Command Large Picture Hanging Strips","315","04.02.2025","4","736"
"Neoprene Dumbbell Hand Weights","231","19.09.2025","94","988"
"Workout Traveling Running Casual Hands-Free Wallets","396","25.05.2025","16","558"
"TP-Link Deco AX3000 WiFi 6 Mesh System","356","08.09.2024","8","528"
"Insulated Grocery shopping bag","220","08.12.2024","50","737"
"USB Condenser Gaming Microphone","347","09.01.2024","92","653"
"Loop Exercise Bands","188","13.10.2024","70","478"
"Wagner's 13008 Deluxe Wild Bird Food","303","17.11.2025","78","156"
"Non-Abrasive","164","17.10.2024","89","633"
"USB Condenser Gaming Microphone","273","11.01.2024","57","235"
"ComfiLife Gel Enhanced Seat Cushion","470","28.03.2025","57","795"
"Apple AirTag","6","02.09.2025","83","942"
"MODVEL 2 Pack Knee Brace","333","03.09.2024","76","703"
"Callaway 2021 Supersoft Golf Balls 12B PK","146","28.03.2025","69","606"
"Portable Countertop Dishwasher","5","02.05.2025","20","286"
"Coleman Sundome Camping Tent","127","05.03.2024","47","248"
"Catchmaster 72MAX Pest Trap","188","20.06.2025","69","440"
"Docking Station USB C to Dual HDMI Adapter","81","12.06.2024","34","747"
"Ortho Home Defense Insect Killer","82","08.05.2024","44","58"
"Non-Abrasive","359","07.06.2025","75","693"
"Kindle","339","25.07.2024","54","500"
"Non-Abrasive","326","17.11.2025","16","136"
"a Hands-free streaming device with Alexa","96","27.07.2025","2","113"
"Sabrent 4-Port USB 2.0 Data Hub","158","26.04.2025","58","448"
"Wired Over-Ear Headphones","476","22.06.2025","96","900"
"Portable","214","13.08.2024","26","682"
"TERRO T300 Liquid Ant Baits","164","17.05.2025","85","232"
"Fire HD 8 tablet","32","10.07.2024","74","496"
"Ernie Ball Hybrid Slinky Electric Guitar Strings","185","02.07.2024","90","616"
"TastePure RV/Marine Water Filter with Flexible Hose Protector","1","26.01.2025","91","141"
"Aegend Swim Goggles","237","14.04.2024","40","125"
"a Hands-free streaming device with Alexa","101","23.08.2025","85","525"
"Mini Handheld Vacuum","427","15.02.2024","97","789"
"Wyze Cam Spotlight","402","23.07.2024","6","841"
"Digital Chromatic Tuner for Guitar","279","27.01.2025","2","947"
"Echo Dot (4th Gen) | Smart speaker","227","10.12.2024","91","700"
"AC Furnace Air Filter","206","05.06.2024","61","60"
"Neoprene Dumbbell Hand Weights","262","04.04.2024","26","338"
"Healthy Living Ultra Allergen","353","27.05.2025","32","460"
"Baby Monitor Dog Camera 360-degree","57","19.05.2025","12","140"
"Mini Fridge with Freeze","84","23.06.2024","99","474"
"Laundry Door Post 2.0","72","16.06.2024","19","230"
"TastePure RV/Marine Water Filter with Flexible Hose Protector","128","28.03.2025","75","718"
"Laundry Door Post 2.0","443","24.01.2024","99","964"
"Fire 7 Kids tablet","68","19.02.2024","75","891"
"Amazon Basics Guitar Folding A-Frame Stand","394","24.08.2024","73","679"
"Kitchens Slow Cooker Liners","294","15.06.2025","82","966"
"Mini Fridge with Freeze","71","07.12.2024","72","407"
"Reusable and Washable","451","14.09.2024","36","654"
"Non-Slip Suit Clothes Hangers","258","02.03.2024","89","335"
"Colorful VSCO Waterproof Stickers","232","14.02.2024","6","790"
"Wyze Cam Spotlight","26","01.12.2025","52","160"
"Portable Countertop Dishwasher","298","01.07.2025","62","275"
"Microfiber Bed Sheet Set with 14” Deep Pockets","394","23.02.2025","30","320"
"Ferilinso Designed for iPhone 13 Pro Max Camera Lens Protector","220","10.10.2025","49","879"
"Fire 7 Kids tablet","469","25.02.2024","82","93"
"Sleek Socket Ultra-Thin Electrical Outlet Cover with 3 Outlet Power Strip","365","22.04.2024","13","429"
"Smart WiFi Router","60","03.05.2024","86","174"
"AC Furnace Air Filter","301","19.09.2025","65","200"
"High Power","391","01.09.2025","95","182"
"Bedside Table with Plastic Poles","183","26.11.2025","83","586"
"Laundry Door Post 2.0","436","23.01.2025","94","953"
"Portable Washing Machine","313","23.02.2024","87","882"
"Command Large Picture Hanging Strips","76","18.06.2024","42","711"
"Bedside Table with Plastic Poles","332","17.06.2025","23","128"
"MPR 1500","364","22.03.2025","82","605"
"Bathroom Cart Organizer Mobile Shelving","57","04.10.2024","96","737"
"MODVEL 2 Pack Knee Brace","263","24.11.2024","44","783"
"Pizza Grilling Set","491","12.07.2024","95","932"
"Mr Gold Foaming Car Wash Soap","50","13.04.2024","42","989"
"Fire 7 Kids tablet","201","09.11.2025","46","246"
"Catchmaster 72MAX Pest Trap","215","20.07.2025","87","744"
"TastePure RV/Marine Water Filter with Flexible Hose Protector","433","13.03.2025","0","768"
"Fire 7 Kids tablet","162","12.07.2024","43","464"
"Blink Outdoor – wireless","468","20.11.2025","61","388"
"Mini Handheld Vacuum","299","10.07.2024","39","816"
"T-Sound USB Splitter for Laptop","434","22.08.2024","67","413"
"USB Condenser Gaming Microphone","486","10.10.2025","24","812"
"Sabrent 4-Port USB 2.0 Data Hub","473","03.07.2025","89","688"
"Portable Washing Machine","390","17.03.2025","90","792"
"Loop Exercise Bands","155","06.08.2024","4","93"
"Insulated Grocery shopping bag","471","22.05.2024","8","566"
"Kindle","86","10.10.2025","82","343"
"Echo Dot (4th Gen) | Smart speaker","182","17.05.2025","70","455"
"Pizza Grilling Set","455","17.03.2025","0","444"
"a Hands-free streaming device with Alexa","4","25.02.2025","64","966"
"Water Repellency Wiper Blade","305","02.08.2025","3","638"
"Bosch Workshop Air Filter","204","27.04.2024","81","186"
"Portable Washing Machine","171","14.12.2024","32","139"
"Veken Non-Slip Rug Pad Gripper","234","24.04.2025","63","129"
"Sleek Socket Ultra-Thin Electrical Outlet Cover with 3 Outlet Power Strip","244","25.10.2024","73","929"
"Echo Dot | Smart speaker","237","27.03.2024","58","476"
"Filtrete 10x20x1","168","13.08.2025","30","726"
"Bedside Table with Plastic Poles","3","12.09.2024","93","133"
"Ortho Home Defense Insect Killer","19","26.12.2025","36","298"
"Reusable and Washable","472","07.04.2024","82","100"
"Miracle-Gro Indoor Plant Food Spikes","439","20.07.2024","32","728"
"Traeger Grills Apple","239","27.07.2024","52","758"
"T-Sound USB Splitter for Laptop","148","15.01.2025","58","209"
"Mr Gold Foaming Car Wash Soap","470","21.09.2025","35","546"
"Veken Non-Slip Rug Pad Gripper","303","03.12.2024","43","326"
"Bed and Couch Pillows","126","20.08.2024","86","616"
"Cleaning Gel for Car","101","21.02.2025","13","15"
"a Hands-free streaming device with Alexa","215","28.02.2024","80","928"
"Paw Patrol","216","11.04.2024","96","993"
"Colorful VSCO Waterproof Stickers","62","09.11.2025","50","395"
"Non-Slip Suit Clothes Hangers","495","02.05.2024","33","1"
"Acoustic Guitar Strings","284","02.07.2024","38","809"
"Mr Gold Foaming Car Wash Soap","405","11.05.2025","69","106"
"Cosmo 668ICS750 30 in","445","27.01.2025","60","675"
"Blink Outdoor – wireless","385","19.01.2025","60","581"
"Floating Shelves Wall Mounted","388","05.12.2025","18","10"
"Portable Washing Machine","392","27.03.2024","86","144"
"Ortho Home Defense Insect Killer","284","15.06.2024","14","95"
"a Hands-free streaming device with Alexa","78","13.11.2024","3","272"
"Led Strip Lights","494","27.07.2025","82","300"
"Mobil 1 Extended Performance Full Synthetic Motor Oil","248","17.04.2025","11","167"
"Neoprene Dumbbell Hand Weights","431","14.06.2024","52","867"
"Amazon Basics XLR Male to Female Microphone Cable – 3 Feet","284","11.11.2024","80","429"
"Smart WiFi Router","207","24.01.2025","14","479"
"Mini Handheld Vacuum","101","11.12.2024","96","50"
"Ring Video Doorbell","311","25.12.2025","85","445"
"Wireless Bluetooth Karaoke Microphone","56","06.05.2024","3","672"
"Kitchens Slow Cooker Liners","43","05.01.2025","78","658"
"Led Strip Lights","204","09.08.2025","68","770"
"Fire HD 8 tablet","66","24.05.2025","88","105"
"Workout Traveling Running Casual Hands-Free Wallets","300","19.10.2024","32","50"
"Acoustic Guitar Strings","33","23.03.2024","6","215"
"Smart WiFi Router","422","08.01.2024","54","661"
"Fresheracc Fridge Freezer Refrigerator Cabinet Lock Latch","15","14.11.2025","21","96"
"Cleaning Gel for Car","299","08.04.2024","8","894"
"Bathroom Cart Organizer Mobile Shelving","175","08.09.2025","47","459"
"High Power","382","20.06.2025","5","771"
"Filtrete 10x20x1","383","05.04.2025","44","851"
"Pizza Grilling Set","137","01.11.2024","32","207"
"a Hands-free streaming device with Alexa","327","16.12.2024","56","277"
"Laundry Door Post 2.0","88","28.12.2025","80","782"
"Bosch Workshop Air Filter","430","17.06.2024","43","652"
"Ernie Ball Hybrid Slinky Electric Guitar Strings","38","27.05.2024","13","838"
"Focusrite Scarlett Solo 3rd Gen USB Audio Interface","19","22.12.2024","87","707"
"a Hands-free streaming device with Alexa","408","01.02.2024","30","775"
"Everydrop by Whirlpool Ice and Water Refrigerator","271","08.05.2025","91","655"
"Catchmaster 72MAX Pest Trap","421","15.11.2025","16","349"
"Insulated Grocery shopping bag","104","05.01.2025","11","884"
"Flexzilla HFZG510YW Garden Lead","104","13.11.2025","68","334"
"Roku Express | HD Streaming Media Player","74","02.04.2025","100","990"
"Portable Laundry Washing Machine","232","20.11.2024","50","851"
"Apple AirTag","189","11.11.2025","21","766"
"AC Furnace Air Filter","480","11.09.2024","30","5"
"Wagner's 13008 Deluxe Wild Bird Food","157","06.11.2024","71","548"
"Callaway 2021 Supersoft Golf Balls 12B PK","19","19.11.2024","82","597"
"Fire TV Stick with Alexa Voice Remote","438","02.02.2024","75","376"
"Silonn Ice Makers Countertop","193","21.06.2024","22","333"
"Fire TV Stick with Alexa Voice Remote","332","28.02.2024","20","162"
"Water Repellency Wiper Blade","236","08.08.2024","80","783"
"Led Strip Lights","250","08.02.2024","70","569"
"Smart WiFi Router","446","22.05.2025","59","343"
"Black Disposable Face Mask","265","24.02.2024","25","584"
"TERRO T300 Liquid Ant Baits","92","07.07.2025","76","260"
"Microfiber Bed Sheet Set with 14” Deep Pockets","39","19.06.2025","90","482"
"Miracle-Gro Indoor Plant Food Spikes","29","13.11.2025","40","278"
"Portable Washing Machine","498","24.03.2024","98","445"
"Ice Machine Cleaner and Descaler","64","19.01.2025","79","487"
"Non-Abrasive","12","02.12.2024","74","165"
"Healthy Living Ultra Allergen","160","13.12.2025","78","965"
"Ring Video Doorbell","120","11.09.2024","11","807"
"TP-Link Deco AX3000 WiFi 6 Mesh System","421","11.04.2025","84","678"
"Callaway 2021 Supersoft Golf Balls 12B PK","43","12.10.2025","2","678"
"Kitchens Slow Cooker Liners","486","07.03.2025","15","838"
"Echo Dot (4th Gen) | Smart speaker","119","15.10.2024","82","474"
"Sabrent 4-Port USB 2.0 Data Hub","409","03.02.2024","83","593"
"Mobil 1 Extended Performance Full Synthetic Motor Oil","19","18.04.2024","59","773"
"Catchmaster 72MAX Pest Trap","335","27.05.2025","89","76"
"Non-Abrasive","99","19.08.2025","78","107"
"Amazon Basics Guitar Folding A-Frame Stand","349","12.05.2025","69","51"
"Sabrent 4-Port USB 2.0 Data Hub","317","28.02.2025","18","14"
"Amazon Basics Guitar Folding A-Frame Stand","457","24.06.2025","22","660"
"a Hands-free streaming device with Alexa","342","05.12.2025","63","940"
"USB Condenser Gaming Microphone","77","04.07.2024","84","371"
"Led Strip Lights","337","21.01.2024","84","428"
"Cleaning Gel for Car","157","07.09.2025","73","344"
"Microfiber Bed Sheet Set with 14” Deep Pockets","312","10.04.2024","84","566"
"MPR 1500","246","09.10.2024","57","757"
"Fresheracc Fridge Freezer Refrigerator Cabinet Lock Latch","319","12.11.2024","83","297"
"Roku Express | HD Streaming Media Player","171","01.10.2024","72","403"
"Callaway 2021 Supersoft Golf Balls 12B PK","353","16.03.2024","84","868"
"Ferilinso Designed for iPhone 13 Pro Max Camera Lens Protector","112","20.06.2025","23","683"
"Scotts Turf Builder Weed and Feed","126","13.01.2025","56","177"
"Amazon Basics 3-Foot Extension Cord","295","01.01.2025","12","632"
"Wagner's 13008 Deluxe Wild Bird Food","10","21.01.2025","78","40"
"Mr Gold Foaming Car Wash Soap","452","14.02.2024","17","258"
"EcoNour Car Windshield Sun Shade with Storage Pouch","136","20.06.2025","57","158"
"Silonn Ice Makers Countertop","187","27.12.2024","19","69"
"Docking Station USB C to Dual HDMI Adapter","489","25.06.2025","23","264"
"Black Disposable Face Mask","176","20.12.2025","45","290"
"Led Strip Lights","152","05.10.2025","18","255"
"Catchmaster 72MAX Pest Trap","219","15.12.2024","52","378"
"Command Large Picture Hanging Strips","113","04.12.2025","45","537"
"Ortho Home Defense Insect Killer","465","23.08.2024","86","268"
"Ferilinso Designed for iPhone 13 Pro Max Camera Lens Protector","91","11.03.2025","32","911"
"Ferilinso Designed for iPhone 13 Pro Max Camera Lens Protector","134","04.09.2024","63","917"
"AC Furnace Air Filter","286","16.05.2024","12","793"
"Bedside Table with Plastic Poles","66","16.11.2025","43","870"
"Amazon Basics XLR Male to Female Microphone Cable – 3 Feet","173","12.02.2024","99","258"
"Baby Monitor Dog Camera 360-degree","292","25.04.2025","99","245"
"Pizza Grilling Set","425","10.03.2025","62","823"
"Healthy Living Ultra Allergen","401","07.12.2025","15","851"
"Intex Dura-Beam Deluxe Comfort Plush Air Mattress","97","21.07.2024","90","402"
"Blink Outdoor – wireless","284","07.10.2024","86","332"
"Amazon Basics XLR Male to Female Microphone Cable – 3 Feet","457","15.05.2025","50","711"
"Black Disposable Face Mask","410","09.03.2025","70","292"
"Sleek Socket Ultra-Thin Electrical Outlet Cover with 3 Outlet Power Strip","387","21.04.2025","70","208"
"Portable","69","09.05.2024","52","127"
"Mini Fridge with Freeze","148","14.04.2025","73","526"
"Aegend Swim Goggles","20","16.01.2025","34","545"
"Fresheracc Fridge Freezer Refrigerator Cabinet Lock Latch","310","12.03.2024","66","100"
"Catchmaster 72MAX Pest Trap","296","14.04.2024","39","567"
"Microfiber Cleaning Cloths","470","05.04.2024","11","40"
"Echo Dot | Smart speaker","58","08.08.2025","29","947"
"AC Furnace Air Filter","45","16.11.2024","50","599"
"Fire 7 Kids tablet","380","08.01.2024","39","846"
"Microfiber Bed Sheet Set with 14” Deep Pockets","146","21.12.2025","65","883"
"Cleaning Gel for Car","345","09.09.2024","84","35"
"Ortho Home Defense Insect Killer","291","21.06.2024","91","306"
"Colorful VSCO Waterproof Stickers","438","08.01.2024","91","549"
"Mac Book Pro Charger","337","09.09.2025","12","959"
"Fresheracc Fridge Freezer Refrigerator Cabinet Lock Latch","186","18.06.2024","47","414"
"Coleman Sundome Camping Tent","415","15.06.2025","22","107"
"Miracle-Gro Indoor Plant Food Spikes","419","09.10.2024","8","419"
"TERRO T300 Liquid Ant Baits","454","04.04.2024","99","711"
"Reusable and Washable","46","06.05.2024","71","326"
"Miracle-Gro Indoor Plant Food Spikes","377","20.01.2024","96","637"
"Mini Handheld Vacuum","281","22.11.2024","97","631"
"Mini Handheld Vacuum","38","19.08.2025","24","552"
"Wagner's 13008 Deluxe Wild Bird Food","48","18.10.2024","49","832"
"Amazon Basics Exercise Yoga Mat","252","12.12.2024","57","273"
"Command Large Picture Hanging Strips","215","21.12.2024","76","24"
"Bathroom Cart Organizer Mobile Shelving","46","12.01.2024","100","970"
"Non-Slip Suit Clothes Hangers","112","14.06.2024","57","849"
"Water Repellency Wiper Blade","125","09.10.2025","71","656"
"Portable","130","22.12.2024","73","890"
"Wired Over-Ear Headphones","460","27.04.2025","8","487"
"Mini Fridge with Freeze","216","24.11.2025","25","345"
"Command Large Picture Hanging Strips","361","27.06.2024","100","924"
"Digital Chromatic Tuner for Guitar","34","27.03.2025","14","733"
"Portable Laundry Washing Machine","147","27.01.2024","34","517"
"MODVEL 2 Pack Knee Brace","287","16.05.2024","0","375"
"Water Repellency Wiper Blade","35","26.03.2025","95","469"
"Mac Book Pro Charger","16","04.11.2024","28","896"
"Echo Dot | Smart speaker","127","28.05.2024","8","928"
"Paw Patrol","24","26.08.2024","7","419"
"Wireless Bluetooth Karaoke Microphone","362","13.08.2024","39","685"
"Aegend Swim Goggles","159","24.12.2024","100","433"
"Aegend Swim Goggles","350","14.12.2024","92","384"
"Focusrite Scarlett Solo 3rd Gen USB Audio Interface","274","20.10.2024","13","522"
"Non-Abrasive","33","22.08.2025","93","170"
"Amazon Basics Exercise Yoga Mat","342","26.01.2025","3","873"
"Wagner's 13008 Deluxe Wild Bird Food","375","10.10.2024","53","41"
"Standard Replacement Filters for Pitchers and Dispensers","259","07.04.2025","28","381"
"TP-Link Deco AX3000 WiFi 6 Mesh System","232","20.04.2024","84","680"
"Laundry Door Post 2.0","308","26.03.2025","78","290"
"ComfiLife Gel Enhanced Seat Cushion","113","20.08.2025","43","866"
"Microfiber Cleaning Cloths","20","16.09.2024","94","180"
"Neoprene Dumbbell Hand Weights","93","13.02.2024","1","434"
"Miracle-Gro Indoor Plant Food Spikes","27","04.01.2025","1","1"
"Baby Monitor Dog Camera 360-degree","305","06.08.2024","63","19"
"Wagner's 13008 Deluxe Wild Bird Food","432","25.07.2024","64","189"
"Grampa's Weeder","237","23.03.2024","4","418"
"TERRO T300 Liquid Ant Baits","471","22.01.2025","60","106"
"MPR 1500","52","06.06.2024","45","493"
"Sleek Socket Ultra-Thin Electrical Outlet Cover with 3 Outlet Power Strip","329","05.02.2025","72","671"
"Non-Abrasive","222","24.01.2024","71","972"
"Paw Patrol","99","18.10.2024","84","700"
"Wireless Bluetooth Karaoke Microphone","214","08.12.2024","60","203"
"Portable","418","14.09.2025","84","141"
"USB Condenser Gaming Microphone","94","02.09.2024","71","295"
"Colorful VSCO Waterproof Stickers","41","18.05.2024","94","412"
"High Power","199","04.03.2025","2","450"
"MODVEL 2 Pack Knee Brace","413","10.10.2024","11","672"
"Microfiber Cleaning Cloths","310","26.09.2024","6","149"
"Bedside Table with Plastic Poles","333","25.12.2025","9","187"
"Ice Machine Cleaner and Descaler","260","28.10.2025","59","897"
"Apple AirTag","198","27.12.2025","64","671"
"Insulated Grocery shopping bag","291","14.07.2024","69","682"
"Catchmaster 72MAX Pest Trap","153","24.04.2025","16","890"
"Mobil 1 Extended Performance Full Synthetic Motor Oil","436","09.02.2024","82","834"
"AC Furnace Air Filter","163","01.08.2025","9","823"
"Amazon Basics XLR Male to Female Microphone Cable – 3 Feet","219","22.03.2024","90","344"
"Grampa's Weeder","108","20.02.2025","44","624"
"Paw Patrol","468","05.09.2024","87","428"
"Focusrite Scarlett Solo 3rd Gen USB Audio Interface","177","25.07.2024","83","114"
"Flexzilla HFZG510YW Garden Lead","115","09.03.2024","36","133"
"Mr Gold Foaming Car Wash Soap","229","20.11.2025","55","837"
"Baby Monitor Dog Camera 360-degree","265","24.07.2025","33","800"
"Mobil 1 Extended Performance Full Synthetic Motor Oil","89","13.10.2025","15","538"
"USB Condenser Gaming Microphone","355","20.01.2025","96","201"
"Fresheracc Fridge Freezer Refrigerator Cabinet Lock Latch","398","05.10.2025","7","615"
"Echo Dot | Smart speaker","142","24.10.2025","22","252"
"Non-Abrasive","184","28.12.2024","40","457"
"Insulated Grocery shopping bag","252","05.12.2025","60","64"
"Mac Book Pro Charger","394","21.05.2025","15","350"
"Bosch Workshop Air Filter","260","02.09.2025","18","512"
"Fire TV Cube","237","21.03.2024","98","322"
"Digital Chromatic Tuner for Guitar","197","22.10.2025","77","136"
"Aegend Swim Goggles","320","22.06.2025","45","824"
"Mac Book Pro Charger","236","07.10.2024","92","242"
"Roku Express | HD Streaming Media Player","31","02.09.2024","60","589"
"Miracle-Gro Indoor Plant Food Spikes","178","02.09.2024","71","827"
"Ice Machine Cleaner and Descaler","220","06.09.2024","99","692"
"Fresheracc Fridge Freezer Refrigerator Cabinet Lock Latch","132","12.01.2024","83","960"
"Baby Monitor Dog Camera 360-degree","356","16.08.2024","89","579"
"Blink Outdoor – wireless","477","19.12.2025","96","757"
"Pizza Grilling Set","116","11.10.2024","81","274"
"Kindle","98","20.04.2024","6","877"
"Led Strip Lights","174","26.09.2025","5","467"
"Loop Exercise Bands","106","26.11.2025","22","720"
"Filtrete 10x20x1","272","17.12.2024","0","286"
"Kindle","29","04.03.2024","26","259"
"Amazon Basics Guitar Folding A-Frame Stand","113","02.07.2024","9","148"
"Grampa's Weeder","310","16.11.2025","15","461"
"Bosch Workshop Air Filter","265","14.04.2025","54","992"
"Wyze Cam Spotlight","187","25.10.2025","2","38"
"Mr Gold Foaming Car Wash Soap","135","28.12.2024","10","114"
"MODVEL 2 Pack Knee Brace","44","05.03.2025","85","899"
"Pizza Grilling Set","120","03.12.2024","50","111"
"Laundry Door Post 2.0","299","20.03.2025","59","708"
"Workout Traveling Running Casual Hands-Free Wallets","418","26.01.2024","88","221"
"Docking Station USB C to Dual HDMI Adapter","44","07.08.2025","85","204"
"Cosmo 668ICS750 30 in","208","23.05.2025","70","830"
"Cosmo 668ICS750 30 in","127","01.12.2024","100","39"
"Led Strip Lights","189","23.08.2025","58","640"
"Fresheracc Fridge Freezer Refrigerator Cabinet Lock Latch","467","27.03.2025","24","985"
"Amazon Basics XLR Male to Female Microphone Cable – 3 Feet","178","16.08.2024","96","995"
"Led Strip Lights","325","19.02.2024","86","733"
"USB Condenser Gaming Microphone","304","25.06.2025","76","912"
"Bosch Workshop Air Filter","449","12.08.2025","80","822"
"Callaway 2021 Supersoft Golf Balls 12B PK","74","19.05.2024","45","353"
"Catchmaster 72MAX Pest Trap","180","10.03.2025","76","386"
"Sleek Socket Ultra-Thin Electrical Outlet Cover with 3 Outlet Power Strip","267","01.06.2025","15","965"
"Silonn Ice Makers Countertop","318","03.06.2024","14","658"
"Echo Dot | Smart speaker","119","20.09.2025","79","123"
"Apple AirTag","412","17.02.2025","86","2"
"Aegend Swim Goggles","254","04.03.2024","49","873"
"Coleman Sundome Camping Tent","443","22.05.2025","70","690"
"Ferilinso Designed for iPhone 13 Pro Max Camera Lens Protector","477","19.09.2024","13","815"
"Ortho Home Defense Insect Killer","86","24.07.2024","14","150"
"Wyze Cam Spotlight","296","14.05.2025","96","986"
"Amazon Basics XLR Male to Female Microphone Cable – 3 Feet","449","03.08.2024","31","984"
"Ferilinso Designed for iPhone 13 Pro Max Camera Lens Protector","69","10.08.2024","62","738"
"Bathroom Cart Organizer Mobile Shelving","302","14.03.2024","96","834"
"Floating Shelves Wall Mounted","331","10.03.2025","96","47"
"Laundry Door Post 2.0","69","14.07.2024","34","439"
"Neoprene Dumbbell Hand Weights","434","25.04.2025","20","709"
"Mobil 1 Extended Performance Full Synthetic Motor Oil","166","16.02.2025","86","308"
"Portable Laundry Washing Machine","249","07.02.2025","83","184"
"Bed and Couch Pillows","462","15.09.2025","0","813"
"Echo Dot | Smart speaker","493","03.06.2024","8","839"
"USB Condenser Gaming Microphone","466","25.12.2025","64","980"
"CHAPIN 20000 Garden Sprayer 1 Gallon Lawn","165","26.10.2025","57","13"
"Acoustic Guitar Strings","149","13.05.2024","58","163"
"Catchmaster 72MAX Pest Trap","239","18.12.2024","52","619"
"Amazon Basics Guitar Folding A-Frame Stand","158","26.12.2025","24","465"
"Fresheracc Fridge Freezer Refrigerator Cabinet Lock Latch","201","28.01.2024","98","806"
"Ring Video Doorbell","70","27.04.2024","88","833"
"Command Large Picture Hanging Strips","263","25.03.2025","63","570"
"Ortho Home Defense Insect Killer","142","21.05.2024","90","144"
"Standard Replacement Filters for Pitchers and Dispensers","264","05.02.2024","2","871"
"MPR 1500","402","25.02.2024","54","990"
"Bosch Workshop Air Filter","370","07.08.2025","80","162"
"Digital Chromatic Tuner for Guitar","143","05.09.2024","59","233"
"Cosmo 668ICS750 30 in","343","02.07.2024","3","813"
"Coleman Sundome Camping Tent","441","14.03.2024","58","877"
"Insulated Grocery shopping bag","310","19.03.2025","50","364"
"Sleek Socket Ultra-Thin Electrical Outlet Cover with 3 Outlet Power Strip","198","17.01.2024","88","610"
"Bedside Table with Plastic Poles","162","17.07.2025","52","349"
"Amazon Basics Guitar Folding A-Frame Stand","76","10.01.2024","40","795"
"CHAPIN 20000 Garden Sprayer 1 Gallon Lawn","440","20.01.2024","48","399"
"Wireless Bluetooth Karaoke Microphone","167","22.03.2025","64","767"
"Portable Countertop Dishwasher","37","22.06.2024","97","986"
"Ice Machine Cleaner and Descaler","359","19.08.2024","99","310"
"Bosch Workshop Air Filter","43","18.01.2025","97","369"
"Veken Non-Slip Rug Pad Gripper","99","12.09.2024","85","132"
"Pizza Grilling Set","360","18.08.2024","22","917"
"Kindle","6","28.08.2025","88","467"
"Fujifilm Instax Mini Instant Film","24","28.09.2025","23","602"
"ComfiLife Gel Enhanced Seat Cushion","59","03.11.2024","26","780"
"Aegend Swim Goggles","266","22.08.2025","5","674"
"Pizza Grilling Set","37","15.06.2024","22","574"
"Traeger Grills Apple","274","04.04.2025","65","218"
"Laundry Door Post 2.0","162","12.12.2025","0","199"
"Mini Fridge with Freeze","181","12.03.2025","24","28"
"T-Sound USB Splitter for Laptop","426","18.10.2024","46","216"
"Silonn Ice Makers Countertop","490","20.05.2024","84","494"
"Standard Replacement Filters for Pitchers and Dispensers","25","17.11.2025","41","364"
"Traeger Grills Apple","297","17.05.2024","45","507"
"Black Disposable Face Mask","73","07.10.2025","93","641"
"Docking Station USB C to Dual HDMI Adapter","165","16.04.2025","69","921"
"Microfiber Bed Sheet Set with 14” Deep Pockets","233","15.05.2025","49","533"
"Laundry Door Post 2.0","445","09.05.2024","25","782"
"ComfiLife Gel Enhanced Seat Cushion","80","20.02.2025","100","15"
"Sabrent 4-Port USB 2.0 Data Hub","461","17.04.2024","48","647"
"Workout Traveling Running Casual Hands-Free Wallets","18","02.06.2024","59","616"
"Bedside Table with Plastic Poles","25","21.06.2025","6","47"
"Reusable and Washable","151","16.02.2025","20","214"
"Insulated Grocery shopping bag","145","07.06.2025","66","792"
"Ortho Home Defense Insect Killer","372","13.03.2024","58","283"
"Blink Outdoor – wireless","332","26.02.2025","65","934"
"Microfiber Bed Sheet Set with 14” Deep Pockets","60","18.12.2024","85","528"
"Amazon Basics Guitar Folding A-Frame Stand","112","02.06.2024","99","172"
"a Hands-free streaming device with Alexa","389","09.06.2024","82","698"
"Workout Traveling Running Casual Hands-Free Wallets","427","20.10.2025","70","914"
"Floating Shelves Wall Mounted","113","18.03.2025","98","237"
"Fire 7 Kids tablet","144","19.06.2024","12","867"
"Amazon Basics XLR Male to Female Microphone Cable – 3 Feet","262","26.10.2024","17","456"
"Ortho Home Defense Insect Killer","22","19.12.2024","52","792"
"Cleaning Gel for Car","214","24.11.2024","57","193"
"Echo Dot | Smart speaker","193","11.06.2024","52","569"
"Callaway 2021 Supersoft Golf Balls 12B PK","232","04.11.2024","34","444"
"Bosch Workshop Air Filter","280","14.04.2024","92","589"
"Mini Handheld Vacuum","218","21.05.2024","66","497"
"Pizza Grilling Set","182","17.07.2025","94","633"
"Apple AirTag","125","25.08.2025","29","278"
"Filtrete 10x20x1","137","21.03.2025","52","499"
"Wireless Bluetooth Karaoke Microphone","133","06.09.2025","72","130"
"Silonn Ice Makers Countertop","259","24.01.2025","5","137"
"Fire TV Cube","338","22.02.2025","63","411"
"Miracle-Gro Indoor Plant Food Spikes","281","05.12.2024","40","352"
"Cleaning Gel for Car","471","13.10.2024","92","527"
"Non-Abrasive","398","07.06.2025","10","415"
"SONORO KATE Bathroom Rug","304","27.05.2025","53","286"
"Acoustic Guitar Strings","127","21.06.2025","89","113"
"Fujifilm Instax Mini Instant Film","15","15.02.2024","63","762"
"TP-Link Deco AX3000 WiFi 6 Mesh System","202","17.08.2025","57","962"
"Wireless Bluetooth Karaoke Microphone","259","04.05.2024","67","629"
"Digital Chromatic Tuner for Guitar","135","20.09.2025","64","399"
"Sabrent 4-Port USB 2.0 Data Hub","413","10.08.2025","74","202"
"Miracle-Gro Indoor Plant Food Spikes","292","26.07.2025","88","420"
"Callaway 2021 Supersoft Golf Balls 12B PK","412","02.02.2024","5","623"
"T-Sound USB Splitter for Laptop","128","01.09.2024","10","502"
"Smart WiFi Router","276","01.12.2024","48","616"
"Electric Instrument Cable","115","10.02.2024","69","771"
"Digital Chromatic Tuner for Guitar","356","22.12.2025","43","348"
"T-Sound USB Splitter for Laptop","226","19.01.2024","66","555"
"Baby Monitor Dog Camera 360-degree","159","06.04.2025","15","977"
"SONORO KATE Bathroom Rug","125","04.07.2025","64","827"
"MODVEL 2 Pack Knee Brace","53","08.10.2025","95","551"
"MPR 1500","46","04.03.2024","68","830"
"Fresheracc Fridge Freezer Refrigerator Cabinet Lock Latch","54","20.02.2025","95","894"
"Wireless Bluetooth Karaoke Microphone","152","25.04.2025","78","932"
"Microfiber Bed Sheet Set with 14” Deep Pockets","2","21.05.2024","60","228"
"Mac Book Pro Charger","319","09.09.2025","74","734"
"Paw Patrol","376","25.11.2024","23","144"
"Mac Book Pro Charger","37","15.03.2025","12","485"
"EcoNour Car Windshield Sun Shade with Storage Pouch","153","03.03.2024","37","903"
"TP-Link Deco AX3000 WiFi 6 Mesh System","373","21.01.2024","16","132"
"Amazon Basics Exercise Yoga Mat","498","15.06.2024","41","72"
"Bedside Table with Plastic Poles","412","06.08.2025","91","904"
"Apple AirTag","142","13.07.2025","100","821"
"Led Strip Lights","88","24.11.2024","88","688"
"Scotts Turf Builder Weed and Feed","369","21.12.2025","2","418"
"Echo Dot | Smart speaker","322","06.05.2025","93","8"
"Aegend Swim Goggles","171","01.07.2025","47","879"
"Smart WiFi Router","174","07.08.2024","73","39"
"TastePure RV/Marine Water Filter with Flexible Hose Protector","284","04.07.2024","38","436"
"Command Large Picture Hanging Strips","364","02.11.2025","46","217"
"Microfiber Bed Sheet Set with 14” Deep Pockets","365","21.10.2024","19","208"
"Colorful VSCO Waterproof Stickers","180","06.09.2025","68","335"
"Kindle","402","14.11.2024","87","103"
"Insulated Grocery shopping bag","89","24.05.2025","11","219"
"EcoNour Car Windshield Sun Shade with Storage Pouch","54","13.10.2025","44","702"
"Electric Instrument Cable","267","05.10.2024","50","790"
"Echo Dot | Smart speaker","445","17.04.2025","61","192"
"Roku Express | HD Streaming Media Player","226","27.10.2024","20","116"
"Catchmaster 72MAX Pest Trap","234","10.06.2025","19","682"
"Echo Dot | Smart speaker","293","21.08.2025","18","514"
"USB Condenser Gaming Microphone","309","25.10.2025","86","336"
"AC Furnace Air Filter","399","15.07.2025","40","513"
"Everydrop by Whirlpool Ice and Water Refrigerator","12","02.08.2024","84","310"
"Command Large Picture Hanging Strips","240","06.03.2025","30","289"
"Loop Exercise Bands","386","19.06.2024","93","689"
"Kindle","291","22.05.2024","84","639"
"Wagner's 13008 Deluxe Wild Bird Food","127","16.07.2024","22","496"
"Silonn Ice Makers Countertop","227","22.03.2024","80","220"
"Digital Chromatic Tuner for Guitar","415","17.11.2025","64","651"
"Ring Video Doorbell","163","06.01.2024","71","567"
"Miracle-Gro Indoor Plant Food Spikes","366","25.12.2024","54","490"
"Insulated Grocery shopping bag","290","18.04.2024","21","311"
"Portable Washing Machine","237","09.04.2024","52","910"
"Cosmo 668ICS750 30 in","442","28.10.2025","26","775"
"TP-Link Deco AX3000 WiFi 6 Mesh System","421","20.04.2025","1","636"
"Fire TV Stick with Alexa Voice Remote","214","22.04.2025","87","487"
"Mini Handheld Vacuum","397","13.06.2025","89","98"
"TP-Link Deco AX3000 WiFi 6 Mesh System","24","05.11.2024","6","839"
"Sleek Socket Ultra-Thin Electrical Outlet Cover with 3 Outlet Power Strip","289","09.10.2025","22","792"
"Standard Replacement Filters for Pitchers and Dispensers","249","10.12.2024","33","606"
"Bathroom Cart Organizer Mobile Shelving","263","08.01.2024","19","484"
"Veken Non-Slip Rug Pad Gripper","428","27.09.2025","25","113"
"Echo Dot (4th Gen) | Smart speaker","190","14.12.2024","5","125"
"Traeger Grills Apple","308","18.08.2024","87","996"
"Portable","110","23.11.2024","75","837"
"Miracle-Gro Indoor Plant Food Spikes","103","07.05.2024","13","154"
"Mobil 1 Extended Performance Full Synthetic Motor Oil","139","28.08.2024","46","286"
"Black Disposable Face Mask","455","12.04.2025","35","363"
"Mobil 1 Extended Performance Full Synthetic Motor Oil","325","10.05.2024","43","328"
"ComfiLife Gel Enhanced Seat Cushion","63","07.04.2025","6","575"
"Catchmaster 72MAX Pest Trap","321","25.04.2025","65","775"
"TP-Link Deco AX3000 WiFi 6 Mesh System","249","19.09.2025","2","535"
"Amazon Basics XLR Male to Female Microphone Cable – 3 Feet","310","10.04.2025","82","974"
"Bosch Workshop Air Filter","199","09.09.2024","13","138"
"Portable","99","03.03.2025","30","882"
"Ortho Home Defense Insect Killer","447","23.02.2025","12","641"
"Microfiber Cleaning Cloths","355","16.09.2024","42","827"
"Standard Replacement Filters for Pitchers and Dispensers","136","04.02.2024","78","676"
"Digital Chromatic Tuner for Guitar","476","16.09.2025","32","280"
"Black Disposable Face Mask","175","20.08.2024","94","43"
"Bathroom Cart Organizer Mobile Shelving","436","17.08.2024","82","731"
"Portable Washing Machine","169","22.03.2024","34","904"
"Ernie Ball Hybrid Slinky Electric Guitar Strings","160","25.07.2025","45","938"
"Healthy Living Ultra Allergen","323","03.10.2024","52","466"
"Mini Fridge with Freeze","377","13.10.2024","0","376"
"Mobil 1 Extended Performance Full Synthetic Motor Oil","173","19.11.2024","50","283"
"Bathroom Cart Organizer Mobile Shelving","180","11.10.2025","48","771"
"Wireless Bluetooth Karaoke Microphone","108","06.04.2024","88","464"
"Wyze Cam Spotlight","367","27.10.2024","10","493"
"AC Furnace Air Filter","341","20.09.2025","42","50"
"Grampa's Weeder","245","08.10.2025","66","195"
"Ortho Home Defense Insect Killer","443","05.01.2025","67","955"
"Electric Instrument Cable","130","17.06.2025","42","210"
"Ferilinso Designed for iPhone 13 Pro Max Camera Lens Protector","293","28.04.2025","85","430"
"Smart WiFi Router","146","04.05.2024","56","779"
"Ortho Home Defense Insect Killer","293","14.08.2025","87","232"
"Portable","336","12.08.2024","89","555"
"Non-Abrasive","77","16.06.2024","44","546"
"Led Strip Lights","495","10.08.2024","38","833"
"Sabrent 4-Port USB 2.0 Data Hub","355","27.01.2025","69","762"
"Grampa's Weeder","286","26.03.2025","10","853"
"Floating Shelves Wall Mounted","201","01.07.2024","27","6"
"Traeger Grills Apple","334","08.09.2024","8","992"
"Scotts Turf Builder Weed and Feed","63","22.07.2024","24","217"
"Ernie Ball Hybrid Slinky Electric Guitar Strings","353","04.09.2025","58","165"
"Insulated Grocery shopping bag","8","26.03.2024","8","185"
"Fire 7 Kids tablet","163","07.03.2024","50","642"
"Smart WiFi Router","75","17.08.2025","47","402"
"Insulated Grocery shopping bag","251","25.03.2024","41","70"
"Microfiber Bed Sheet Set with 14” Deep Pockets","160","21.06.2024","11","454"
"Digital Chromatic Tuner for Guitar","259","07.09.2024","85","997"
"Ferilinso Designed for iPhone 13 Pro Max Camera Lens Protector","187","15.08.2025","48","345"
"Roku Express | HD Streaming Media Player","309","10.04.2024","16","809"
"Echo Dot (4th Gen) | Smart speaker","437","03.10.2024","100","385"
"Colorful VSCO Waterproof Stickers","322","04.02.2024","86","492"
"TastePure RV/Marine Water Filter with Flexible Hose Protector","271","01.06.2024","96","129"
"Colorful VSCO Waterproof Stickers","178","24.02.2024","86","405"
"Paw Patrol","70","07.10.2024","86","249"
"Workout Traveling Running Casual Hands-Free Wallets","378","07.01.2025","53","243"
"TERRO T300 Liquid Ant Baits","423","06.05.2024","47","309"
"Focusrite Scarlett Solo 3rd Gen USB Audio Interface","152","19.11.2025","27","783"
"Bed and Couch Pillows","195","12.04.2025","9","399"
"Amazon Basics Guitar Folding A-Frame Stand","175","22.05.2025","23","557"
"Black Disposable Face Mask","11","24.07.2024","20","318"
"Loop Exercise Bands","481","24.03.2024","84","271"
"Echo Dot (4th Gen) | Smart speaker","214","03.07.2025","55","945"
"Portable Countertop Dishwasher","153","18.10.2025","96","563"
"Fire 7 Kids tablet","141","07.03.2024","45","929"
"weather-resistant HD security camera","216","28.03.2025","87","202"
"Echo Dot (4th Gen) | Smart speaker","233","03.01.2025","62","243"
"SONORO KATE Bathroom Rug","15","11.12.2024","20","416"
"Grampa's Weeder","344","23.10.2025","48","562"
"Bosch Workshop Air Filter","357","19.09.2025","99","26"
"Portable Laundry Washing Machine","227","17.03.2024","87","437"
"Catchmaster 72MAX Pest Trap","265","20.08.2024","69","580"
"TP-Link Deco AX3000 WiFi 6 Mesh System","281","07.03.2024","65","224"
"Docking Station USB C to Dual HDMI Adapter","23","16.09.2025","53","584"
"Intex Dura-Beam Deluxe Comfort Plush Air Mattress","146","23.12.2025","32","990"
"Apple AirTag","289","16.10.2024","39","222"
"Sleek Socket Ultra-Thin Electrical Outlet Cover with 3 Outlet Power Strip","460","03.04.2024","21","281"
"Fresheracc Fridge Freezer Refrigerator Cabinet Lock Latch","298","13.05.2025","46","769"
"Kitchens Slow Cooker Liners","95","21.12.2025","88","707"
"Ortho Home Defense Insect Killer","493","01.07.2025","97","687"
"Insulated Grocery shopping bag","408","24.09.2024","63","825"
"Everydrop by Whirlpool Ice and Water Refrigerator","205","28.12.2024","95","299"
"Aegend Swim Goggles","490","20.02.2025","5","195"
"Mini Handheld Vacuum","132","21.07.2024","37","418"
"Sabrent 4-Port USB 2.0 Data Hub","218","02.07.2024","2","48"
"Bed and Couch Pillows","411","11.06.2025","47","429"
"EcoNour Car Windshield Sun Shade with Storage Pouch","140","06.09.2025","57","593"
"SONORO KATE Bathroom Rug","87","22.06.2025","3","627"
"Fujifilm Instax Mini Instant Film","225","22.02.2024","50","211"
"MODVEL 2 Pack Knee Brace","225","11.11.2024","9","686"
"Fujifilm Instax Mini Instant Film","468","28.12.2024","23","969"
"Silonn Ice Makers Countertop","486","11.01.2024","5","872"
"Sabrent 4-Port USB 2.0 Data Hub","491","12.01.2025","76","151"
"Colorful VSCO Waterproof Stickers","443","02.06.2024","10","739"
"Coleman Sundome Camping Tent","247","19.01.2025","48","329"
"Mr Gold Foaming Car Wash Soap","243","23.12.2024","5","519"
"Scotts Turf Builder Weed and Feed","239","11.03.2025","67","272"
"Roku Express | HD Streaming Media Player","452","15.05.2024","89","103"
"Echo Dot | Smart speaker","3","01.07.2025","71","403"
"Iron Flask Sports Water Bottle","469","17.01.2024","86","396"
"Wagner's 13008 Deluxe Wild Bird Food","189","19.02.2024","82","326"
"Insulated Grocery shopping bag","40","27.12.2025","31","650"
"Laundry Door Post 2.0","96","08.03.2025","66","281"
"Docking Station USB C to Dual HDMI Adapter","237","15.08.2025","77","122"
"Callaway 2021 Supersoft Golf Balls 12B PK","199","27.06.2025","98","464"
"ComfiLife Gel Enhanced Seat Cushion","308","07.04.2025","91","352"
"Digital Chromatic Tuner for Guitar","300","04.06.2024","85","210"
"Colorful VSCO Waterproof Stickers","349","19.09.2024","88","796"
"Fire HD 8 tablet","166","14.07.2024","47","409"
"Grampa's Weeder","211","24.06.2024","31","606"
"SONORO KATE Bathroom Rug","97","04.11.2024","5","256"
"Iron Flask Sports Water Bottle","19","24.10.2024","22","286"
"Bosch Workshop Air Filter","478","22.06.2024","83","809"
"Portable Countertop Dishwasher","372","07.03.2025","60","67"
"Black Disposable Face Mask","79","17.08.2024","91","32"
"Colorful VSCO Waterproof Stickers","59","14.07.2024","19","798"
"TERRO T300 Liquid Ant Baits","105","14.08.2025","35","261"
"T-Sound USB Splitter for Laptop","66","17.03.2025","78","75"
"Fire TV Cube","42","02.03.2024","96","270"
"Flexzilla HFZG510YW Garden Lead","357","18.06.2024","90","775"
"weather-resistant HD security camera","481","23.12.2025","77","404"
"Intex Dura-Beam Deluxe Comfort Plush Air Mattress","15","08.07.2025","66","934"
"Amazon Basics XLR Male to Female Microphone Cable – 3 Feet","303","07.03.2025","30","434"
"Electric Instrument Cable","151","17.04.2025","2","772"
"Miracle-Gro Indoor Plant Food Spikes","308","25.03.2024","60","11"
"Mac Book Pro Charger","37","05.04.2025","81","224"
"Cleaning Gel for Car","450","24.10.2025","56","721"
"Echo Dot (4th Gen) | Smart speaker","248","23.11.2024","0","860"
"SONORO KATE Bathroom Rug","159","02.02.2025","13","468"
"Scotts Turf Builder Weed and Feed","102","24.05.2024","69","307"
"Fujifilm Instax Mini Instant Film","470","18.09.2025","85","181"
"Focusrite Scarlett Solo 3rd Gen USB Audio Interface","345","09.12.2024","69","173"
"TastePure RV/Marine Water Filter with Flexible Hose Protector","419","26.02.2025","61","80"
"Mini Handheld Vacuum","156","03.05.2024","53","527"
"Floating Shelves Wall Mounted","355","05.08.2025","52","785"
"Fire HD 8 tablet","288","14.11.2024","30","415"
"TP-Link Deco AX3000 WiFi 6 Mesh System","330","04.10.2024","92","283"
"MPR 1500","372","03.12.2024","71","15"
"Mini Fridge with Freeze","85","12.02.2025","93","758"
"Everydrop by Whirlpool Ice and Water Refrigerator","308","20.12.2025","41","551"
"MPR 1500","32","08.09.2024","48","811"
"T-Sound USB Splitter for Laptop","23","16.03.2024","65","116"
"Led Strip Lights","34","13.06.2024","90","267"
"Portable Countertop Dishwasher","435","25.05.2024","13","295"
"EcoNour Car Windshield Sun Shade with Storage Pouch","401","17.09.2024","73","276"
"TERRO T300 Liquid Ant Baits","437","02.10.2024","65","707"
"Non-Abrasive","260","23.10.2025","11","467"
"Workout Traveling Running Casual Hands-Free Wallets","109","03.05.2024","26","429"
"Bosch Workshop Air Filter","471","03.09.2024","66","711"
"SONORO KATE Bathroom Rug","236","06.08.2024","87","749"
"Portable Washing Machine","496","01.09.2025","62","459"
"Ice Machine Cleaner and Descaler","244","07.10.2024","90","792"
"Apple AirTag","232","12.09.2025","28","287"
"Neoprene Dumbbell Hand Weights","76","18.01.2024","71","295"
"Echo Dot | Smart speaker","451","26.01.2024","82","327"
"Veken Non-Slip Rug Pad Gripper","471","12.10.2025","1","147"
"Fire 7 Kids tablet","298","10.10.2025","99","162"
"Wired Over-Ear Headphones","165","23.07.2024","99","114"
"USB Condenser Gaming Microphone","135","06.12.2024","20","190"
"Filtrete 10x20x1","460","27.07.2025","4","101"
"Catchmaster 72MAX Pest Trap","265","17.04.2025","14","269"
"Ring Video Doorbell","389","13.01.2025","97","253"
"Blink Outdoor – wireless","436","28.06.2024","24","999"
"a Hands-free streaming device with Alexa","350","14.10.2025","1","332"
"Filtrete 10x20x1","120","15.09.2024","42","411"
"Callaway 2021 Supersoft Golf Balls 12B PK","277","13.02.2024","89","336"
"Aegend Swim Goggles","326","22.04.2025","73","617"
"Amazon Basics XLR Male to Female Microphone Cable – 3 Feet","229","04.10.2024","91","241"
"Baby Monitor Dog Camera 360-degree","240","06.09.2025","69","907"
"Bedside Table with Plastic Poles","481","03.10.2025","9","245"
"Roku Express | HD Streaming Media Player","135","20.09.2025","74","540"
"Amazon Basics Guitar Folding A-Frame Stand","278","16.09.2025","41","444"
"Acoustic Guitar Strings","76","19.05.2024","4","777"
"Colorful VSCO Waterproof Stickers","458","17.05.2025","25","520"
"Kindle","274","09.12.2024","20","699"
"weather-resistant HD security camera","343","03.12.2024","33","904"
"Workout Traveling Running Casual Hands-Free Wallets","397","20.09.2024","80","644"
"Bed and Couch Pillows","373","18.06.2024","44","864"
"Ernie Ball Hybrid Slinky Electric Guitar Strings","475","20.11.2025","91","274"
"Portable Countertop Dishwasher","374","26.09.2024","91","216"
"Acoustic Guitar Strings","324","05.03.2024","66","399"
"Everydrop by Whirlpool Ice and Water Refrigerator","481","24.04.2024","3","177"
"AC Furnace Air Filter","155","25.03.2025","43","381"
"Kindle","319","17.02.2025","58","187"
"Docking Station USB C to Dual HDMI Adapter","34","11.09.2024","33","19"
"Kitchens Slow Cooker Liners","174","23.04.2025","94","989"
"Mac Book Pro Charger","325","12.04.2025","18","982"
"Ice Machine Cleaner and Descaler","311","28.01.2025","14","110"
"Cleaning Gel for Car","239","06.07.2024","68","382"
"Roku Express | HD Streaming Media Player","358","06.06.2024","4","300"
"Smart WiFi Router","156","25.12.2025","20","809"
"Cleaning Gel for Car","87","07.05.2024","54","39"
"Bathroom Cart Organizer Mobile Shelving","359","08.10.2025","60","314"
"Amazon Basics Guitar Folding A-Frame Stand","78","13.06.2024","49","433"
"Docking Station USB C to Dual HDMI Adapter","141","15.06.2024","14","727"
"T-Sound USB Splitter for Laptop","454","12.06.2024","23","596"
"a Hands-free streaming device with Alexa","347","28.09.2025","47","736"
"Workout Traveling Running Casual Hands-Free Wallets","98","24.04.2025","0","47"
"Wireless Bluetooth Karaoke Microphone","494","09.07.2024","20","697"
"Workout Traveling Running Casual Hands-Free Wallets","104","01.05.2024","75","821"
"Echo Dot (4th Gen) | Smart speaker","358","09.08.2024","38","987"
"Cleaning Gel for Car","454","28.10.2024","53","328"
"Ortho Home Defense Insect Killer","394","08.12.2024","93","905"
"Led Strip Lights","294","28.05.2024","87","521"
"Laundry Door Post 2.0","280","26.02.2025","58","609"
"Standard Replacement Filters for Pitchers and Dispensers","325","21.08.2024","92","714"
"Amazon Basics Guitar Folding A-Frame Stand","213","22.06.2025","68","419"
"Bed and Couch Pillows","344","21.07.2024","52","968"
"Flexzilla HFZG510YW Garden Lead","442","26.09.2024","74","209"
"Echo Dot | Smart speaker","85","20.11.2025","30","820"
"Roku Express | HD Streaming Media Player","490","12.05.2024","7","470"
"Loop Exercise Bands","66","08.05.2025","6","426"
"Cleaning Gel for Car","63","22.05.2025","98","866"
"Wireless Bluetooth Karaoke Microphone","470","01.11.2025","30","245"
"Bathroom Cart Organizer Mobile Shelving","471","13.04.2025","96","730"
"Docking Station USB C to Dual HDMI Adapter","278","12.01.2025","51","879"
"Miracle-Gro Indoor Plant Food Spikes","148","20.10.2025","77","165"
"MODVEL 2 Pack Knee Brace","350","17.07.2024","37","172"
"Fujifilm Instax Mini Instant Film","104","11.11.2025","10","144"
"Ice Machine Cleaner and Descaler","64","07.11.2024","41","596"
"Floating Shelves Wall Mounted","55","23.01.2024","81","974"
"Fire 7 Kids tablet","309","20.02.2025","4","98"
"Ice Machine Cleaner and Descaler","303","07.09.2025","97","519"
"Led Strip Lights","145","21.11.2024","82","93"
"Fresheracc Fridge Freezer Refrigerator Cabinet Lock Latch","208","23.12.2025","31","824"
"Baby Monitor Dog Camera 360-degree","1","18.07.2025","5","336"
"CHAPIN 20000 Garden Sprayer 1 Gallon Lawn","146","07.06.2025","77","734"
"Wired Over-Ear Headphones","313","15.05.2025","60","683"
"Ring Video Doorbell","398","28.01.2024","58","730"
"Fresheracc Fridge Freezer Refrigerator Cabinet Lock Latch","381","28.04.2024","13","403"
"Kitchens Slow Cooker Liners","169","03.07.2025","30","403"
"Ring Video Doorbell","335","19.06.2024","3","426"
"EcoNour Car Windshield Sun Shade with Storage Pouch","28","13.02.2024","69","636"
"Bosch Workshop Air Filter","452","11.01.2024","41","847"
"Callaway 2021 Supersoft Golf Balls 12B PK","93","22.02.2024","60","560"
"Callaway 2021 Supersoft Golf Balls 12B PK","132","25.01.2024","83","825"
"Mobil 1 Extended Performance Full Synthetic Motor Oil","315","28.06.2024","23","943"
"Echo Dot (4th Gen) | Smart speaker","71","06.01.2024","49","388"
"Electric Instrument Cable","233","07.05.2025","95","30"
"TERRO T300 Liquid Ant Baits","394","25.12.2025","78","699"
"Sleek Socket Ultra-Thin Electrical Outlet Cover with 3 Outlet Power Strip","341","21.12.2024","95","452"
"Pizza Grilling Set","191","08.03.2024","82","212"
"Paw Patrol","236","27.03.2025","68","368"
"Insulated Grocery shopping bag","180","08.12.2024","97","706"
"Sabrent 4-Port USB 2.0 Data Hub","270","17.07.2024","80","14"
"Wyze Cam Spotlight","39","12.11.2025","82","32"
"TastePure RV/Marine Water Filter with Flexible Hose Protector","452","01.05.2024","52","999"
"Fujifilm Instax Mini Instant Film","156","09.02.2024","39","61"
"Everydrop by Whirlpool Ice and Water Refrigerator","306","19.05.2025","40","669"
"ComfiLife Gel Enhanced Seat Cushion","217","05.01.2024","59","557"
"Neoprene Dumbbell Hand Weights","287","25.01.2025","19","514"
"Mobil 1 Extended Performance Full Synthetic Motor Oil","464","17.12.2025","72","137"
"Fire TV Cube","322","06.10.2024","36","616"
"Digital Chromatic Tuner for Guitar","124","08.10.2024","48","596"
"Fire 7 Kids tablet","112","24.03.2024","16","15"
"Cleaning Gel for Car","179","11.12.2025","44","923"
"Catchmaster 72MAX Pest Trap","303","16.12.2024","3","627"
"Black Disposable Face Mask","341","17.04.2025","82","923"
"Wired Over-Ear Headphones","154","24.07.2025","6","411"
"Filtrete 10x20x1","310","18.04.2024","98","62"
"Sleek Socket Ultra-Thin Electrical Outlet Cover with 3 Outlet Power Strip","102","06.01.2024","78","866"
"Iron Flask Sports Water Bottle","22","15.05.2025","53","623"
"Healthy Living Ultra Allergen","17","26.01.2025","52","204"
"Catchmaster 72MAX Pest Trap","284","04.07.2025","74","383"
"Ernie Ball Hybrid Slinky Electric Guitar Strings","314","07.04.2025","17","379"
"T-Sound USB Splitter for Laptop","390","20.04.2024","12","197"
"Wired Over-Ear Headphones","313","09.01.2025","73","190"
"Mac Book Pro Charger","224","17.08.2025","97","855"
"Focusrite Scarlett Solo 3rd Gen USB Audio Interface","340","07.02.2024","16","405"
"Ferilinso Designed for iPhone 13 Pro Max Camera Lens Protector","408","25.10.2025","22","334"
"Portable Washing Machine","13","23.05.2024","11","655"
"Smart WiFi Router","156","26.08.2024","16","997"
"USB Condenser Gaming Microphone","351","07.08.2024","98","732"
"Cleaning Gel for Car","186","01.05.2024","74","579"
"Ernie Ball Hybrid Slinky Electric Guitar Strings","272","21.07.2025","95","618"
"Non-Slip Suit Clothes Hangers","192","25.04.2024","66","796"
"ComfiLife Gel Enhanced Seat Cushion","229","10.03.2025","38","532"
"Fire TV Cube","33","24.10.2024","91","859"
"Paw Patrol","402","15.07.2024","96","973"
"Ernie Ball Hybrid Slinky Electric Guitar Strings","322","22.12.2025","64","411"
"weather-resistant HD security camera","384","09.12.2024","65","326"
"Iron Flask Sports Water Bottle","318","01.05.2024","30","481"
"High Power","227","19.06.2024","38","595"
"Ortho Home Defense Insect Killer","378","09.05.2024","26","339"
"Bed and Couch Pillows","104","07.08.2024","80","314"
"MPR 1500","364","05.03.2025","48","296"
"Black Disposable Face Mask","316","02.12.2024","41","172"
"USB Condenser Gaming Microphone","349","18.12.2025","62","670"
"a Hands-free streaming device with Alexa","22","02.10.2025","53","478"
"Smart WiFi Router","61","03.06.2025","36","443"
"Amazon Basics Guitar Folding A-Frame Stand","415","13.07.2024","86","924"
"Bedside Table with Plastic Poles","182","16.06.2025","83","950"
"Coleman Sundome Camping Tent","344","11.03.2024","78","70"
"Ernie Ball Hybrid Slinky Electric Guitar Strings","311","20.02.2024","28","380"
"Echo Dot (4th Gen) | Smart speaker","385","23.06.2025","17","547"
"Flexzilla HFZG510YW Garden Lead","48","16.09.2025","1","478"
"Fire TV Stick with Alexa Voice Remote","147","21.11.2024","63","512"
"weather-resistant HD security camera","426","05.03.2025","56","140"
"Floating Shelves Wall Mounted","319","28.10.2025","90","207"
"Ferilinso Designed for iPhone 13 Pro Max Camera Lens Protector","38","25.06.2025","91","283"
"T-Sound USB Splitter for Laptop","475","25.10.2025","32","771"
"CHAPIN 20000 Garden Sprayer 1 Gallon Lawn","143","20.01.2024","37","576"
"Microfiber Cleaning Cloths","383","12.12.2025","82","312"
"Ferilinso Designed for iPhone 13 Pro Max Camera Lens Protector","155","08.02.2025","39","452"
"ComfiLife Gel Enhanced Seat Cushion","379","02.02.2025","61","309"
"Amazon Basics XLR Male to Female Microphone Cable – 3 Feet","377","12.11.2024","10","840"
"Veken Non-Slip Rug Pad Gripper","113","21.08.2024","28","502"
"Wagner's 13008 Deluxe Wild Bird Food","385","04.12.2025","22","279"
"MODVEL 2 Pack Knee Brace","76","05.09.2025","81","230"
"Portable Laundry Washing Machine","79","08.01.2025","28","216"
"Mini Handheld Vacuum","329","17.03.2024","34","422"
"Workout Traveling Running Casual Hands-Free Wallets","425","09.11.2024","88","470"
"Flexzilla HFZG510YW Garden Lead","63","07.03.2024","40","775"
"Non-Slip Suit Clothes Hangers","18","11.10.2024","17","975"
"Fujifilm Instax Mini Instant Film","80","18.10.2024","58","994"
"Portable Washing Machine","418","11.02.2025","25","539"
"Portable Washing Machine","334","08.03.2024","53","270"
"Bed and Couch Pillows","132","19.01.2024","78","177"
"Traeger Grills Apple","169","27.06.2024","24","980"
"Grampa's Weeder","354","21.11.2025","13","671"
"Healthy Living Ultra Allergen","273","03.02.2025","53","84"
"Command Large Picture Hanging Strips","379","22.03.2024","17","862"
"Catchmaster 72MAX Pest Trap","272","17.03.2025","65","767"
"Iron Flask Sports Water Bottle","60","27.03.2024","92","562"
"Smart WiFi Router","175","02.01.2024","18","719"
"TERRO T300 Liquid Ant Baits","245","28.08.2024","4","962"
"Mac Book Pro Charger","69","15.10.2024","9","729"
"Fire HD 8 tablet","222","08.09.2024","72","179"
"Workout Traveling Running Casual Hands-Free Wallets","229","04.12.2025","23","293"
"Pizza Grilling Set","145","09.08.2024","67","20"
"Healthy Living Ultra Allergen","355","01.10.2024","59","902"
"EcoNour Car Windshield Sun Shade with Storage Pouch","307","14.08.2025","33","869"
"Flexzilla HFZG510YW Garden Lead","331","26.10.2024","39","149"
"Echo Dot | Smart speaker","91","07.06.2025","4","262"
"Standard Replacement Filters for Pitchers and Dispensers","327","06.06.2024","55","575"
"USB Condenser Gaming Microphone","100","05.05.2024","37","386"
"Microfiber Cleaning Cloths","123","14.05.2025","1","480"
"Traeger Grills Apple","270","15.01.2024","15","58"
"Portable Washing Machine","29","19.03.2025","27","325"
"weather-resistant HD security camera","435","27.12.2025","37","706"
"Silonn Ice Makers Countertop","92","15.07.2024","83","566"
"Ferilinso Designed for iPhone 13 Pro Max Camera Lens Protector","18","27.02.2025","100","213"
"Electric Instrument Cable","419","08.11.2025","88","674"
"Apple AirTag","293","16.06.2025","46","663"
"TastePure RV/Marine Water Filter with Flexible Hose Protector","200","11.09.2025","37","741"
"Veken Non-Slip Rug Pad Gripper","152","03.04.2024","42","716"
"Water Repellency Wiper Blade","93","27.01.2024","37","338"
"Microfiber Cleaning Cloths","106","27.09.2025","55","869"
"Black Disposable Face Mask","256","11.05.2025","53","430"
"Floating Shelves Wall Mounted","48","25.12.2025","90","226"
"Bosch Workshop Air Filter","319","09.12.2025","80","600"
"T-Sound USB Splitter for Laptop","363","09.12.2025","0","221"
"Reusable and Washable","387","22.04.2025","13","983"
"Sabrent 4-Port USB 2.0 Data Hub","323","17.11.2024","73","628"
"Wyze Cam Spotlight","440","03.09.2024","8","540"
"Floating Shelves Wall Mounted","447","05.05.2024","68","213"
"Amazon Basics 3-Foot Extension Cord","469","01.12.2025","61","156"
"Microfiber Bed Sheet Set with 14” Deep Pockets","259","15.11.2024","35","200"
"Standard Replacement Filters for Pitchers and Dispensers","101","03.01.2025","38","462"
"Coleman Sundome Camping Tent","78","23.01.2025","77","392"
"Grampa's Weeder","152","04.07.2024","75","578"
"Sabrent 4-Port USB 2.0 Data Hub","476","15.02.2024","22","731"
"Wagner's 13008 Deluxe Wild Bird Food","70","16.11.2024","49","53"
"Amazon Basics Guitar Folding A-Frame Stand","190","16.11.2025","44","716"
"Intex Dura-Beam Deluxe Comfort Plush Air Mattress","419","03.09.2024","77","829"
"Flexzilla HFZG510YW Garden Lead","288","01.10.2024","49","361"
"Sabrent 4-Port USB 2.0 Data Hub","6","22.07.2025","77","1000"
"Iron Flask Sports Water Bottle","260","22.09.2025","47","432"
"Loop Exercise Bands","258","25.06.2024","88","993"
"Coleman Sundome Camping Tent","355","04.05.2025","1","871"
"ComfiLife Gel Enhanced Seat Cushion","302","28.11.2024","7","24"
"Everydrop by Whirlpool Ice and Water Refrigerator","432","08.09.2024","97","449"
"Paw Patrol","56","28.02.2025","30","293"
"AC Furnace Air Filter","129","12.11.2025","9","108"
"Cleaning Gel for Car","439","13.07.2024","91","65"
"Veken Non-Slip Rug Pad Gripper","168","19.04.2024","40","738"
"Water Repellency Wiper Blade","19","18.12.2024","77","644"
"Bed and Couch Pillows","140","08.01.2024","18","56"
"Pizza Grilling Set","132","04.08.2024","16","298"
"Healthy Living Ultra Allergen","142","08.07.2025","1","232"
"Led Strip Lights","247","17.07.2024","15","469"
"Healthy Living Ultra Allergen","476","15.09.2025","32","55"
"Bed and Couch Pillows","182","18.09.2024","84","760"
"Echo Dot | Smart speaker","408","23.08.2025","91","856"
"Filtrete 10x20x1","19","28.12.2024","85","995"
"Insulated Grocery shopping bag","356","05.05.2024","72","241"
"Neoprene Dumbbell Hand Weights","450","03.12.2024","21","966"
"Workout Traveling Running Casual Hands-Free Wallets","359","27.12.2025","74","903"
"Microfiber Bed Sheet Set with 14” Deep Pockets","381","26.01.2025","6","888"
"Amazon Basics 3-Foot Extension Cord","149","08.04.2025","52","306"
"TERRO T300 Liquid Ant Baits","179","21.10.2024","21","310"
"Colorful VSCO Waterproof Stickers","230","02.09.2025","97","0"
"Traeger Grills Apple","26","16.07.2024","34","237"
"Microfiber Cleaning Cloths","500","14.04.2024","35","743"
"Non-Abrasive","314","02.08.2024","92","85"
"Veken Non-Slip Rug Pad Gripper","107","26.07.2024","68","394"
"Laundry Door Post 2.0","27","16.06.2025","97","743"
"Flexzilla HFZG510YW Garden Lead","18","07.05.2024","32","973"
"USB Condenser Gaming Microphone","164","02.11.2025","100","853"
"Coleman Sundome Camping Tent","499","19.01.2024","33","960"
"Colorful VSCO Waterproof Stickers","440","06.05.2024","9","394"
"Colorful VSCO Waterproof Stickers","44","19.10.2024","72","601"
"Catchmaster 72MAX Pest Trap","316","19.01.2024","31","906"
"TP-Link Deco AX3000 WiFi 6 Mesh System","137","22.05.2024","16","434"
"SONORO KATE Bathroom Rug","186","17.02.2025","36","432"
"Insulated Grocery shopping bag","381","04.10.2024","24","654"
"Wired Over-Ear Headphones","494","13.11.2025","55","828"
"CHAPIN 20000 Garden Sprayer 1 Gallon Lawn","169","18.09.2025","81","332"
"Kitchens Slow Cooker Liners","274","24.09.2025","95","179"
"Miracle-Gro Indoor Plant Food Spikes","187","14.11.2024","90","45"
"Portable Laundry Washing Machine","44","14.07.2025","32","108"
"Coleman Sundome Camping Tent","238","26.07.2024","83","269"
"Blink Outdoor – wireless","412","12.09.2024","92","46"
"Portable Countertop Dishwasher","348","11.11.2025","11","868"
"Colorful VSCO Waterproof Stickers","389","16.05.2024","48","734"
"Healthy Living Ultra Allergen","105","25.07.2024","54","117"
"Echo Dot | Smart speaker","257","04.01.2024","34","558"
"USB Condenser Gaming Microphone","170","16.03.2024","78","631"
"Command Large Picture Hanging Strips","262","07.03.2025","10","502"
"TastePure RV/Marine Water Filter with Flexible Hose Protector","451","14.03.2025","78","560"
"Ernie Ball Hybrid Slinky Electric Guitar Strings","434","22.07.2024","47","481"
"Focusrite Scarlett Solo 3rd Gen USB Audio Interface","369","15.12.2024","26","649"
"Non-Abrasive","166","10.07.2024","89","957"
"Flexzilla HFZG510YW Garden Lead","21","23.09.2024","61","292"
"Wired Over-Ear Headphones","447","20.03.2025","12","384"
"Ortho Home Defense Insect Killer","216","28.11.2025","75","360"
"Veken Non-Slip Rug Pad Gripper","305","12.06.2024","50","954"
"Veken Non-Slip Rug Pad Gripper","215","02.01.2025","73","942"
"Acoustic Guitar Strings","43","20.06.2025","47","723"
"Mr Gold Foaming Car Wash Soap","7","15.12.2024","94","943"
"Portable Laundry Washing Machine","383","04.08.2024","71","688"
"Iron Flask Sports Water Bottle","474","06.02.2025","7","466"
"Mac Book Pro Charger","118","19.06.2024","78","739"
"Microfiber Cleaning Cloths","482","05.04.2025","33","310"
"Miracle-Gro Indoor Plant Food Spikes","132","19.01.2024","11","584"
"Ice Machine Cleaner and Descaler","411","01.03.2024","30","496"
"Fresheracc Fridge Freezer Refrigerator Cabinet Lock Latch","374","08.06.2025","83","53"
"Amazon Basics Exercise Yoga Mat","137","11.10.2024","59","151"
"Veken Non-Slip Rug Pad Gripper","79","08.01.2025","9","224"
"Mr Gold Foaming Car Wash Soap","99","12.06.2024","98","307"
"Mini Fridge with Freeze","199","04.03.2024","64","448"
"Cosmo 668ICS750 30 in","482","18.02.2024","86","183"
"Ernie Ball Hybrid Slinky Electric Guitar Strings","467","09.05.2024","14","161"
"Fujifilm Instax Mini Instant Film","127","01.09.2025","9","478"
"Non-Abrasive","468","12.02.2024","49","571"
"Echo Dot (4th Gen) | Smart speaker","404","03.10.2024","16","302"
"Cleaning Gel for Car","3","18.05.2025","39","330"
"Ferilinso Designed for iPhone 13 Pro Max Camera Lens Protector","50","12.04.2024","92","101"
"Non-Abrasive","379","08.01.2024","36","985"
"Mini Fridge with Freeze","329","05.02.2025","37","87"
"Water Repellency Wiper Blade","418","18.10.2024","1","206"
"Bedside Table with Plastic Poles","198","17.07.2024","7","85"
"a Hands-free streaming device with Alexa","445","25.07.2024","2","611"
"Blink Outdoor – wireless","107","01.10.2025","32","866"
"Everydrop by Whirlpool Ice and Water Refrigerator","414","14.02.2025","19","917"
"Amazon Basics Guitar Folding A-Frame Stand","150","09.02.2024","57","217"
"Led Strip Lights","174","10.05.2025","52","144"
"Kindle","81","21.12.2024","3","433"
